
{
  "header": {
    "reportVersion": 2,
    "event": "Allocation failed - JavaScript heap out of memory",
    "trigger": "FatalError",
    "filename": "report.20210404.160805.25512.0.001.json",
    "dumpEventTime": "2021-04-04T16:08:05Z",
    "dumpEventTimeStamp": "1617541685061",
    "processId": 25512,
    "threadId": null,
    "cwd": "C:\\Users\\Furkan\\Desktop\\hepsiburada",
    "commandLine": [
      "C:\\Program Files\\nodejs\\node.exe",
      "C:\\Users\\Furkan\\Desktop\\hepsiburada\\node_modules\\jest-worker\\build\\workers\\processChild.js"
    ],
    "nodejsVersion": "v12.16.3",
    "wordSize": 64,
    "arch": "x64",
    "platform": "win32",
    "componentVersions": {
      "node": "12.16.3",
      "v8": "7.8.279.23-node.35",
      "uv": "1.34.2",
      "zlib": "1.2.11",
      "brotli": "1.0.7",
      "ares": "1.16.0",
      "modules": "72",
      "nghttp2": "1.40.0",
      "napi": "5",
      "llhttp": "2.0.4",
      "http_parser": "2.9.3",
      "openssl": "1.1.1g",
      "cldr": "36.0",
      "icu": "65.1",
      "tz": "2019c",
      "unicode": "12.1"
    },
    "release": {
      "name": "node",
      "lts": "Erbium",
      "headersUrl": "https://nodejs.org/download/release/v12.16.3/node-v12.16.3-headers.tar.gz",
      "sourceUrl": "https://nodejs.org/download/release/v12.16.3/node-v12.16.3.tar.gz",
      "libUrl": "https://nodejs.org/download/release/v12.16.3/win-x64/node.lib"
    },
    "osName": "Windows_NT",
    "osRelease": "10.0.18363",
    "osVersion": "Windows 10 Pro",
    "osMachine": "x86_64",
    "cpus": [
      {
        "model": "Intel(R) Core(TM) i7-9750H CPU @ 2.60GHz",
        "speed": 2592,
        "user": 20075265,
        "nice": 0,
        "sys": 24636093,
        "idle": 520928156,
        "irq": 5165156
      },
      {
        "model": "Intel(R) Core(TM) i7-9750H CPU @ 2.60GHz",
        "speed": 2592,
        "user": 9263421,
        "nice": 0,
        "sys": 8815453,
        "idle": 547560328,
        "irq": 810203
      },
      {
        "model": "Intel(R) Core(TM) i7-9750H CPU @ 2.60GHz",
        "speed": 2592,
        "user": 34321875,
        "nice": 0,
        "sys": 14757359,
        "idle": 516559968,
        "irq": 390687
      },
      {
        "model": "Intel(R) Core(TM) i7-9750H CPU @ 2.60GHz",
        "speed": 2592,
        "user": 24209140,
        "nice": 0,
        "sys": 8612437,
        "idle": 532817625,
        "irq": 160015
      },
      {
        "model": "Intel(R) Core(TM) i7-9750H CPU @ 2.60GHz",
        "speed": 2592,
        "user": 32105328,
        "nice": 0,
        "sys": 13047281,
        "idle": 520486593,
        "irq": 386312
      },
      {
        "model": "Intel(R) Core(TM) i7-9750H CPU @ 2.60GHz",
        "speed": 2592,
        "user": 9352000,
        "nice": 0,
        "sys": 5931125,
        "idle": 550356078,
        "irq": 209875
      },
      {
        "model": "Intel(R) Core(TM) i7-9750H CPU @ 2.60GHz",
        "speed": 2592,
        "user": 22537531,
        "nice": 0,
        "sys": 10712343,
        "idle": 532389328,
        "irq": 313906
      },
      {
        "model": "Intel(R) Core(TM) i7-9750H CPU @ 2.60GHz",
        "speed": 2592,
        "user": 16369437,
        "nice": 0,
        "sys": 7062125,
        "idle": 542207640,
        "irq": 249187
      },
      {
        "model": "Intel(R) Core(TM) i7-9750H CPU @ 2.60GHz",
        "speed": 2592,
        "user": 23982265,
        "nice": 0,
        "sys": 12020531,
        "idle": 529636390,
        "irq": 374812
      },
      {
        "model": "Intel(R) Core(TM) i7-9750H CPU @ 2.60GHz",
        "speed": 2592,
        "user": 9387718,
        "nice": 0,
        "sys": 5425531,
        "idle": 550825937,
        "irq": 190281
      },
      {
        "model": "Intel(R) Core(TM) i7-9750H CPU @ 2.60GHz",
        "speed": 2592,
        "user": 21284015,
        "nice": 0,
        "sys": 13055328,
        "idle": 531299843,
        "irq": 603406
      },
      {
        "model": "Intel(R) Core(TM) i7-9750H CPU @ 2.60GHz",
        "speed": 2592,
        "user": 14596453,
        "nice": 0,
        "sys": 7245031,
        "idle": 543797703,
        "irq": 208062
      }
    ],
    "networkInterfaces": [
      {
        "name": "VMware Network Adapter VMnet1",
        "internal": false,
        "mac": "00:50:56:c0:00:01",
        "address": "fe80::d400:88b3:7cf0:738a",
        "netmask": "ffff:ffff:ffff:ffff::",
        "family": "IPv6",
        "scopeid": 9
      },
      {
        "name": "VMware Network Adapter VMnet1",
        "internal": false,
        "mac": "00:50:56:c0:00:01",
        "address": "192.168.61.1",
        "netmask": "255.255.255.0",
        "family": "IPv4"
      },
      {
        "name": "VMware Network Adapter VMnet8",
        "internal": false,
        "mac": "00:50:56:c0:00:08",
        "address": "fe80::dd01:e268:d52e:383a",
        "netmask": "ffff:ffff:ffff:ffff::",
        "family": "IPv6",
        "scopeid": 18
      },
      {
        "name": "VMware Network Adapter VMnet8",
        "internal": false,
        "mac": "00:50:56:c0:00:08",
        "address": "192.168.111.1",
        "netmask": "255.255.255.0",
        "family": "IPv4"
      },
      {
        "name": "Wi-Fi",
        "internal": false,
        "mac": "24:41:8c:d5:50:20",
        "address": "fe80::79b1:5a87:f715:2082",
        "netmask": "ffff:ffff:ffff:ffff::",
        "family": "IPv6",
        "scopeid": 14
      },
      {
        "name": "Wi-Fi",
        "internal": false,
        "mac": "24:41:8c:d5:50:20",
        "address": "192.168.1.41",
        "netmask": "255.255.255.0",
        "family": "IPv4"
      },
      {
        "name": "Loopback Pseudo-Interface 1",
        "internal": true,
        "mac": "00:00:00:00:00:00",
        "address": "::1",
        "netmask": "ffff:ffff:ffff:ffff:ffff:ffff:ffff:ffff",
        "family": "IPv6",
        "scopeid": 0
      },
      {
        "name": "Loopback Pseudo-Interface 1",
        "internal": true,
        "mac": "00:00:00:00:00:00",
        "address": "127.0.0.1",
        "netmask": "255.0.0.0",
        "family": "IPv4"
      },
      {
        "name": "vEthernet (Default Switch)",
        "internal": false,
        "mac": "00:15:5d:07:da:0a",
        "address": "fe80::399c:dec0:53a9:8834",
        "netmask": "ffff:ffff:ffff:ffff::",
        "family": "IPv6",
        "scopeid": 21
      },
      {
        "name": "vEthernet (Default Switch)",
        "internal": false,
        "mac": "00:15:5d:07:da:0a",
        "address": "192.168.180.65",
        "netmask": "255.255.255.240",
        "family": "IPv4"
      },
      {
        "name": "vEthernet (WSL)",
        "internal": false,
        "mac": "00:15:5d:c7:bc:bb",
        "address": "fe80::48c6:849:1454:48e8",
        "netmask": "ffff:ffff:ffff:ffff::",
        "family": "IPv6",
        "scopeid": 65
      },
      {
        "name": "vEthernet (WSL)",
        "internal": false,
        "mac": "00:15:5d:c7:bc:bb",
        "address": "172.17.45.145",
        "netmask": "255.255.255.240",
        "family": "IPv4"
      }
    ],
    "host": "DESKTOP-M8HU8J8"
  },
  "javascriptStack": {
    "message": "No stack.",
    "stack": [
      "Unavailable."
    ]
  },
  "nativeStack": [
    {
      "pc": "0x00007ff785f82449",
      "symbol": "std::basic_ostream<char,std::char_traits<char> >::operator<<+11577"
    },
    {
      "pc": "0x00007ff785f869a9",
      "symbol": "std::basic_ostream<char,std::char_traits<char> >::operator<<+29337"
    },
    {
      "pc": "0x00007ff785f85828",
      "symbol": "std::basic_ostream<char,std::char_traits<char> >::operator<<+24856"
    },
    {
      "pc": "0x00007ff7860bd8c2",
      "symbol": "v8::base::CPU::has_sse+68658"
    },
    {
      "pc": "0x00007ff7868d9bbe",
      "symbol": "v8::Isolate::ReportExternalAllocationLimitReached+94"
    },
    {
      "pc": "0x00007ff7868c1c91",
      "symbol": "v8::SharedArrayBuffer::Externalize+833"
    },
    {
      "pc": "0x00007ff78678e1ec",
      "symbol": "v8::internal::Heap::EphemeronKeyWriteBarrierFromCode+1436"
    },
    {
      "pc": "0x00007ff786799420",
      "symbol": "v8::internal::Heap::ProtectUnprotectedMemoryChunks+1312"
    },
    {
      "pc": "0x00007ff786795f44",
      "symbol": "v8::internal::Heap::PageFlagsAreConsistent+3204"
    },
    {
      "pc": "0x00007ff78678b743",
      "symbol": "v8::internal::Heap::CollectGarbage+1283"
    },
    {
      "pc": "0x00007ff786789db4",
      "symbol": "v8::internal::Heap::AddRetainedMap+2452"
    },
    {
      "pc": "0x00007ff7867aafbd",
      "symbol": "v8::internal::Factory::NewFillerObject+61"
    },
    {
      "pc": "0x00007ff786511871",
      "symbol": "v8::internal::interpreter::JumpTableTargetOffsets::iterator::operator=+1665"
    },
    {
      "pc": "0x00007ff786d26c4d",
      "symbol": "v8::internal::SetupIsolateDelegate::SetupHeap+546637"
    },
    {
      "pc": "0x000001d237f3a33f",
      "symbol": ""
    }
  ],
  "javascriptHeap": {
    "totalMemory": 2161446912,
    "totalCommittedMemory": 2161446912,
    "usedMemory": 2146592488,
    "availableMemory": 40759200,
    "memoryLimit": 2197815296,
    "heapSpaces": {
      "read_only_space": {
        "memorySize": 262144,
        "committedMemory": 262144,
        "capacity": 32808,
        "used": 32808,
        "available": 0
      },
      "new_space": {
        "memorySize": 4194304,
        "committedMemory": 4194304,
        "capacity": 2094912,
        "used": 363456,
        "available": 1731456
      },
      "old_space": {
        "memorySize": 2140549120,
        "committedMemory": 2140549120,
        "capacity": 2131158984,
        "used": 2130594536,
        "available": 564448
      },
      "code_space": {
        "memorySize": 954368,
        "committedMemory": 954368,
        "capacity": 838048,
        "used": 838048,
        "available": 0
      },
      "map_space": {
        "memorySize": 2363392,
        "committedMemory": 2363392,
        "capacity": 1713680,
        "used": 1713680,
        "available": 0
      },
      "large_object_space": {
        "memorySize": 13074432,
        "committedMemory": 13074432,
        "capacity": 13047176,
        "used": 13047176,
        "available": 0
      },
      "code_large_object_space": {
        "memorySize": 49152,
        "committedMemory": 49152,
        "capacity": 2784,
        "used": 2784,
        "available": 0
      },
      "new_large_object_space": {
        "memorySize": 0,
        "committedMemory": 0,
        "capacity": 2094912,
        "used": 0,
        "available": 2094912
      }
    }
  },
  "resourceUsage": {
    "userCpuSeconds": 1798.91,
    "kernelCpuSeconds": 2.89,
    "cpuConsumptionPercent": 105.307,
    "maxRss": 2261716992,
    "pageFaults": {
      "IORequired": 661979,
      "IONotRequired": 0
    },
    "fsActivity": {
      "reads": 4519,
      "writes": 10
    }
  },
  "libuv": [
  ],
  "workers": [
  ],
  "environmentVariables": {
    "ACLOCAL_PATH": "C:\\Program Files\\Git\\mingw64\\share\\aclocal;C:\\Program Files\\Git\\usr\\share\\aclocal",
    "ALLUSERSPROFILE": "C:\\ProgramData",
    "APPDATA": "C:\\Users\\Furkan\\AppData\\Roaming",
    "APPLICATION_INSIGHTS_NO_DIAGNOSTIC_CHANNEL": "true",
    "BABEL_ENV": "test",
    "CHROME_CRASHPAD_PIPE_NAME": "\\\\.\\pipe\\crashpad_12592_PVXEVPIAYMGLBGNE",
    "COLORTERM": "truecolor",
    "COMMONPROGRAMFILES": "C:\\Program Files\\Common Files",
    "CommonProgramFiles(x86)": "C:\\Program Files (x86)\\Common Files",
    "CommonProgramW6432": "C:\\Program Files\\Common Files",
    "COMPUTERNAME": "DESKTOP-M8HU8J8",
    "COMSPEC": "C:\\Windows\\system32\\cmd.exe",
    "CONFIG_SITE": "C:/Program Files/Git/mingw64/etc/config.site",
    "DISPLAY": "needs-to-be-defined",
    "dp0": "C:\\Users\\Furkan\\Desktop\\hepsiburada\\node_modules\\.bin\\",
    "DriverData": "C:\\Windows\\System32\\Drivers\\DriverData",
    "EXEPATH": "C:\\Program Files\\Git",
    "FORCE_COLOR": "1",
    "FPS_BROWSER_APP_PROFILE_STRING": "Internet Explorer",
    "FPS_BROWSER_USER_PROFILE_STRING": "Default",
    "GIT_ASKPASS": "c:\\Users\\Furkan\\AppData\\Local\\Programs\\Microsoft VS Code\\resources\\app\\extensions\\git\\dist\\askpass.sh",
    "HOME": "C:\\Users\\Furkan",
    "HOMEDRIVE": "C:",
    "HOMEPATH": "\\Users\\Furkan",
    "HOSTNAME": "DESKTOP-M8HU8J8",
    "INFOPATH": "C:\\Program Files\\Git\\usr\\local\\info;C:\\Program Files\\Git\\usr\\share\\info;C:\\Program Files\\Git\\usr\\info;C:\\Program Files\\Git\\share\\info",
    "INIT_CWD": "C:\\Users\\Furkan\\Desktop\\hepsiburada",
    "JAVA": "C:\\Program Files\\Java\\jdk1.8.0_251\\bin\\java",
    "JAVA_HOME": "C:\\Program Files\\Java\\jdk1.8.0_251",
    "JBOSS_HOME": "C:\\Users\\Furkan\\Desktop\\keycloak\\keycloak-9.0.0",
    "JEST_WORKER_ID": "1",
    "LANG": "tr_TR.UTF-8",
    "LOCALAPPDATA": "C:\\Users\\Furkan\\AppData\\Local",
    "LOGONSERVER": "\\\\DESKTOP-M8HU8J8",
    "MANPATH": "C:\\Program Files\\Git\\mingw64\\local\\man;C:\\Program Files\\Git\\mingw64\\share\\man;C:\\Program Files\\Git\\usr\\local\\man;C:\\Program Files\\Git\\usr\\share\\man;C:\\Program Files\\Git\\usr\\man;C:\\Program Files\\Git\\share\\man",
    "MINGW_CHOST": "x86_64-w64-mingw32",
    "MINGW_PACKAGE_PREFIX": "mingw-w64-x86_64",
    "MINGW_PREFIX": "C:/Program Files/Git/mingw64",
    "MSYSTEM": "MINGW64",
    "MSYSTEM_CARCH": "x86_64",
    "MSYSTEM_CHOST": "x86_64-w64-mingw32",
    "MSYSTEM_PREFIX": "C:/Program Files/Git/mingw64",
    "NODE": "C:\\Program Files\\nodejs\\node.exe",
    "NODE_ENV": "test",
    "NODE_EXE": "C:\\Program Files\\nodejs\\\\node.exe",
    "NODE_PATH": "",
    "NPM_CLI_JS": "C:\\Program Files\\nodejs\\\\node_modules\\npm\\bin\\npm-cli.js",
    "npm_config_access": "",
    "npm_config_allow_same_version": "",
    "npm_config_also": "",
    "npm_config_always_auth": "",
    "npm_config_argv": "{\"remain\":[],\"cooked\":[\"run\",\"test\"],\"original\":[\"run\",\"test\"]}",
    "npm_config_audit": "true",
    "npm_config_audit_level": "low",
    "npm_config_auth_type": "legacy",
    "npm_config_before": "",
    "npm_config_bin_links": "true",
    "npm_config_browser": "",
    "npm_config_ca": "",
    "npm_config_cache": "C:\\Users\\Furkan\\AppData\\Roaming\\npm-cache",
    "npm_config_cache_lock_retries": "10",
    "npm_config_cache_lock_stale": "60000",
    "npm_config_cache_lock_wait": "10000",
    "npm_config_cache_max": "Infinity",
    "npm_config_cache_min": "10",
    "npm_config_cafile": "",
    "npm_config_cert": "",
    "npm_config_cidr": "",
    "npm_config_color": "true",
    "npm_config_commit_hooks": "true",
    "npm_config_depth": "Infinity",
    "npm_config_description": "true",
    "npm_config_dev": "",
    "npm_config_dry_run": "",
    "npm_config_editor": "notepad.exe",
    "npm_config_engine_strict": "",
    "npm_config_fetch_retries": "2",
    "npm_config_fetch_retry_factor": "10",
    "npm_config_fetch_retry_maxtimeout": "60000",
    "npm_config_fetch_retry_mintimeout": "10000",
    "npm_config_force": "",
    "npm_config_format_package_lock": "true",
    "npm_config_fund": "true",
    "npm_config_git": "git",
    "npm_config_git_tag_version": "true",
    "npm_config_global": "",
    "npm_config_globalconfig": "C:\\Users\\Furkan\\AppData\\Roaming\\npm\\etc\\npmrc",
    "npm_config_globalignorefile": "C:\\Users\\Furkan\\AppData\\Roaming\\npm\\etc\\npmignore",
    "npm_config_global_style": "",
    "npm_config_group": "",
    "npm_config_ham_it_up": "",
    "npm_config_heading": "npm",
    "npm_config_https_proxy": "",
    "npm_config_if_present": "",
    "npm_config_ignore_prepublish": "",
    "npm_config_ignore_scripts": "",
    "npm_config_init_author_email": "",
    "npm_config_init_author_name": "",
    "npm_config_init_author_url": "",
    "npm_config_init_license": "ISC",
    "npm_config_init_module": "C:\\Users\\Furkan\\.npm-init.js",
    "npm_config_init_version": "1.0.0",
    "npm_config_json": "",
    "npm_config_key": "",
    "npm_config_legacy_bundling": "",
    "npm_config_link": "",
    "npm_config_local_address": "",
    "npm_config_loglevel": "notice",
    "npm_config_logs_max": "10",
    "npm_config_long": "",
    "npm_config_maxsockets": "50",
    "npm_config_message": "%s",
    "npm_config_metrics_registry": "https://registry.npmjs.org/",
    "npm_config_node_gyp": "C:\\Program Files\\nodejs\\node_modules\\npm\\node_modules\\node-gyp\\bin\\node-gyp.js",
    "npm_config_node_options": "",
    "npm_config_node_version": "12.16.3",
    "npm_config_noproxy": "",
    "npm_config_offline": "",
    "npm_config_onload_script": "",
    "npm_config_only": "",
    "npm_config_optional": "true",
    "npm_config_otp": "",
    "npm_config_package_lock": "true",
    "npm_config_package_lock_only": "",
    "npm_config_parseable": "",
    "npm_config_prefer_offline": "",
    "npm_config_prefer_online": "",
    "npm_config_prefix": "C:\\Users\\Furkan\\AppData\\Roaming\\npm",
    "npm_config_preid": "",
    "npm_config_production": "",
    "npm_config_progress": "true",
    "npm_config_proxy": "",
    "npm_config_read_only": "",
    "npm_config_rebuild_bundle": "true",
    "npm_config_registry": "https://registry.npmjs.org/",
    "npm_config_rollback": "true",
    "npm_config_save": "true",
    "npm_config_save_bundle": "",
    "npm_config_save_dev": "",
    "npm_config_save_exact": "",
    "npm_config_save_optional": "",
    "npm_config_save_prefix": "^",
    "npm_config_save_prod": "",
    "npm_config_scope": "",
    "npm_config_scripts_prepend_node_path": "warn-only",
    "npm_config_script_shell": "",
    "npm_config_searchexclude": "",
    "npm_config_searchlimit": "20",
    "npm_config_searchopts": "",
    "npm_config_searchstaleness": "900",
    "npm_config_send_metrics": "",
    "npm_config_shell": "C:\\Windows\\system32\\cmd.exe",
    "npm_config_shrinkwrap": "true",
    "npm_config_sign_git_commit": "",
    "npm_config_sign_git_tag": "",
    "npm_config_sso_poll_frequency": "500",
    "npm_config_sso_type": "oauth",
    "npm_config_strict_ssl": "true",
    "npm_config_tag": "latest",
    "npm_config_tag_version_prefix": "v",
    "npm_config_timing": "",
    "npm_config_tmp": "C:\\Users\\Furkan\\AppData\\Local\\Temp",
    "npm_config_umask": "0000",
    "npm_config_unicode": "",
    "npm_config_unsafe_perm": "true",
    "npm_config_update_notifier": "true",
    "npm_config_usage": "",
    "npm_config_user": "",
    "npm_config_userconfig": "C:\\Users\\Furkan\\.npmrc",
    "npm_config_user_agent": "npm/6.14.4 node/v12.16.3 win32 x64",
    "npm_config_version": "",
    "npm_config_versions": "",
    "npm_config_viewer": "browser",
    "npm_execpath": "C:\\Program Files\\nodejs\\node_modules\\npm\\bin\\npm-cli.js",
    "npm_lifecycle_event": "test",
    "npm_lifecycle_script": "react-scripts test",
    "npm_node_execpath": "C:\\Program Files\\nodejs\\node.exe",
    "npm_package_browserslist_development_0": "last 1 chrome version",
    "npm_package_browserslist_development_1": "last 1 firefox version",
    "npm_package_browserslist_development_2": "last 1 safari version",
    "npm_package_browserslist_production_0": ">0.2%",
    "npm_package_browserslist_production_1": "not dead",
    "npm_package_browserslist_production_2": "not op_mini all",
    "npm_package_dependencies_react": "^17.0.2",
    "npm_package_dependencies_react_dom": "^17.0.2",
    "npm_package_dependencies_react_scripts": "4.0.3",
    "npm_package_dependencies_web_vitals": "^1.1.1",
    "npm_package_dependencies__testing_library_jest_dom": "^5.11.10",
    "npm_package_dependencies__testing_library_react": "^11.2.6",
    "npm_package_dependencies__testing_library_user_event": "^12.8.3",
    "npm_package_description": "This project was bootstrapped with [Create React App](https://github.com/facebook/create-react-app).",
    "npm_package_eslintConfig_extends_0": "react-app",
    "npm_package_eslintConfig_extends_1": "react-app/jest",
    "npm_package_name": "hepsiburada",
    "npm_package_private": "true",
    "npm_package_readmeFilename": "README.md",
    "npm_package_scripts_build": "react-scripts build",
    "npm_package_scripts_eject": "react-scripts eject",
    "npm_package_scripts_start": "react-scripts start",
    "npm_package_scripts_test": "react-scripts test",
    "npm_package_version": "0.1.0",
    "NPM_PREFIX_NPM_CLI_JS": "C:\\Users\\Furkan\\AppData\\Roaming\\npm\\node_modules\\npm\\bin\\npm-cli.js",
    "NUMBER_OF_PROCESSORS": "12",
    "OneDrive": "C:\\Users\\Furkan\\OneDrive",
    "ORIGINAL_PATH": "C:\\Program Files\\Git\\mingw64\\bin;C:\\Program Files\\Git\\usr\\bin;C:\\Users\\Furkan\\bin;C:\\Program Files (x86)\\Microsoft SDKs\\Azure\\CLI2\\wbin;C:\\Program Files (x86)\\VMware\\VMware Workstation\\bin;C:\\Program Files (x86)\\Common Files\\Oracle\\Java\\javapath;C:\\Windows\\system32;C:\\Windows;C:\\Windows\\System32\\Wbem;C:\\Windows\\System32\\WindowsPowerShell\\v1.0;C:\\Windows\\System32\\OpenSSH;C:\\Program Files (x86)\\NVIDIA Corporation\\PhysX\\Common;C:\\Program Files\\NVIDIA Corporation\\NVIDIA NvDLISR;C:\\Program Files\\nodejs;C:\\Program Files\\Java\\jdk1.8.0_251\\bin;C:\\Program Files (x86)\\Windows Live\\Shared;C:\\Program Files\\Docker\\Docker\\resources\\bin;C:\\ProgramData\\DockerDesktop\\version-bin;C:\\Users\\Furkan\\AppData\\Local\\Microsoft\\WindowsApps;C:\\Users\\Furkan\\AppData\\Local\\Programs\\Microsoft VS Code\\bin;C:\\Users\\Furkan\\AppData\\Roaming\\npm",
    "ORIGINAL_TEMP": "C:/Users/Furkan/AppData/Local/Temp",
    "ORIGINAL_TMP": "C:/Users/Furkan/AppData/Local/Temp",
    "ORIGINAL_XDG_CURRENT_DESKTOP": "undefined",
    "OS": "Windows_NT",
    "Path": "C:\\Program Files\\nodejs\\node_modules\\npm\\node_modules\\npm-lifecycle\\node-gyp-bin;C:\\Users\\Furkan\\Desktop\\hepsiburada\\node_modules\\.bin;C:\\Program Files (x86)\\Microsoft SDKs\\Azure\\CLI2\\wbin;C:\\Program Files (x86)\\VMware\\VMware Workstation\\bin\\;C:\\Program Files (x86)\\Common Files\\Oracle\\Java\\javapath;C:\\Windows\\system32;C:\\Windows;C:\\Windows\\System32\\Wbem;C:\\Windows\\System32\\WindowsPowerShell\\v1.0\\;C:\\Windows\\System32\\OpenSSH\\;C:\\Program Files (x86)\\NVIDIA Corporation\\PhysX\\Common;C:\\Program Files\\NVIDIA Corporation\\NVIDIA NvDLISR;C:\\Program Files\\nodejs\\;C:\\Program Files\\Java\\jdk1.8.0_251\\bin;C:\\Program Files (x86)\\Windows Live\\Shared;C:\\Program Files\\Docker\\Docker\\resources\\bin;C:\\ProgramData\\DockerDesktop\\version-bin;C:\\Users\\Furkan\\AppData\\Local\\Microsoft\\WindowsApps;;C:\\Users\\Furkan\\AppData\\Local\\Programs\\Microsoft VS Code\\bin;C:\\Users\\Furkan\\AppData\\Roaming\\npm",
    "PATH": "C:\\Program Files\\nodejs\\node_modules\\npm\\node_modules\\npm-lifecycle\\node-gyp-bin;C:\\Users\\Furkan\\Desktop\\hepsiburada\\node_modules\\.bin;C:\\Program Files (x86)\\Microsoft SDKs\\Azure\\CLI2\\wbin;C:\\Program Files (x86)\\VMware\\VMware Workstation\\bin\\;C:\\Program Files (x86)\\Common Files\\Oracle\\Java\\javapath;C:\\Windows\\system32;C:\\Windows;C:\\Windows\\System32\\Wbem;C:\\Windows\\System32\\WindowsPowerShell\\v1.0\\;C:\\Windows\\System32\\OpenSSH\\;C:\\Program Files (x86)\\NVIDIA Corporation\\PhysX\\Common;C:\\Program Files\\NVIDIA Corporation\\NVIDIA NvDLISR;C:\\Program Files\\nodejs\\;C:\\Program Files\\Java\\jdk1.8.0_251\\bin;C:\\Program Files (x86)\\Windows Live\\Shared;C:\\Program Files\\Docker\\Docker\\resources\\bin;C:\\ProgramData\\DockerDesktop\\version-bin;C:\\Users\\Furkan\\AppData\\Local\\Microsoft\\WindowsApps;;C:\\Users\\Furkan\\AppData\\Local\\Programs\\Microsoft VS Code\\bin;C:\\Users\\Furkan\\AppData\\Roaming\\npm",
    "PATHEXT": ".COM;.EXE;.BAT;.CMD;.VBS;.VBE;.JSE;.WSF;.WSH;.MSC",
    "PKG_CONFIG_PATH": "C:\\Program Files\\Git\\mingw64\\lib\\pkgconfig;C:\\Program Files\\Git\\mingw64\\share\\pkgconfig",
    "PLINK_PROTOCOL": "ssh",
    "PROCESSOR_ARCHITECTURE": "AMD64",
    "PROCESSOR_IDENTIFIER": "Intel64 Family 6 Model 158 Stepping 10, GenuineIntel",
    "PROCESSOR_LEVEL": "6",
    "PROCESSOR_REVISION": "9e0a",
    "ProgramData": "C:\\ProgramData",
    "PROGRAMFILES": "C:\\Program Files",
    "ProgramFiles(x86)": "C:\\Program Files (x86)",
    "ProgramW6432": "C:\\Program Files",
    "PROMPT": "$P$G",
    "PSModulePath": "C:\\Program Files\\WindowsPowerShell\\Modules;C:\\Windows\\system32\\WindowsPowerShell\\v1.0\\Modules",
    "PUBLIC": "C:\\Users\\Public",
    "PUBLIC_URL": "",
    "PWD": "C:/Users/Furkan/Desktop/Projeler/ibb-template",
    "SESSIONNAME": "Console",
    "SHELL": "C:\\Program Files\\Git\\usr\\bin\\bash.exe",
    "SHLVL": "2",
    "SSH_ASKPASS": "C:/Program Files/Git/mingw64/libexec/git-core/git-gui--askpass",
    "SYSTEMDRIVE": "C:",
    "SYSTEMROOT": "C:\\Windows",
    "TEMP": "C:\\Users\\Furkan\\AppData\\Local\\Temp",
    "TERM": "xterm",
    "TERM_PROGRAM": "vscode",
    "TERM_PROGRAM_VERSION": "1.53.2",
    "TMP": "C:\\Users\\Furkan\\AppData\\Local\\Temp",
    "TMPDIR": "C:\\Users\\Furkan\\AppData\\Local\\Temp",
    "USERDOMAIN": "DESKTOP-M8HU8J8",
    "USERDOMAIN_ROAMINGPROFILE": "DESKTOP-M8HU8J8",
    "USERNAME": "Furkan",
    "USERPROFILE": "C:\\Users\\Furkan",
    "VSCODE_GIT_ASKPASS_MAIN": "c:\\Users\\Furkan\\AppData\\Local\\Programs\\Microsoft VS Code\\resources\\app\\extensions\\git\\dist\\askpass-main.js",
    "VSCODE_GIT_ASKPASS_NODE": "C:\\Users\\Furkan\\AppData\\Local\\Programs\\Microsoft VS Code\\Code.exe",
    "VSCODE_GIT_IPC_HANDLE": "\\\\.\\pipe\\vscode-git-5287700e2e-sock",
    "WINDIR": "C:\\Windows",
    "_": "C:/Users/Furkan/AppData/Local/Programs/Microsoft VS Code/Code.exe",
    "_prog": "node"
  },
  "sharedObjects": [
    "C:\\Program Files\\nodejs\\node.exe",
    "C:\\Windows\\SYSTEM32\\ntdll.dll",
    "C:\\Windows\\System32\\KERNEL32.DLL",
    "C:\\Windows\\System32\\KERNELBASE.dll",
    "C:\\Windows\\System32\\WS2_32.dll",
    "C:\\Windows\\System32\\RPCRT4.dll",
    "C:\\Windows\\SYSTEM32\\dbghelp.dll",
    "C:\\Windows\\System32\\PSAPI.DLL",
    "C:\\Windows\\System32\\ucrtbase.dll",
    "C:\\Windows\\System32\\ADVAPI32.dll",
    "C:\\Windows\\System32\\msvcrt.dll",
    "C:\\Windows\\SYSTEM32\\IPHLPAPI.DLL",
    "C:\\Windows\\System32\\sechost.dll",
    "C:\\Windows\\SYSTEM32\\USERENV.dll",
    "C:\\Windows\\System32\\profapi.dll",
    "C:\\Windows\\System32\\USER32.dll",
    "C:\\Windows\\System32\\win32u.dll",
    "C:\\Windows\\System32\\GDI32.dll",
    "C:\\Windows\\System32\\gdi32full.dll",
    "C:\\Windows\\System32\\msvcp_win.dll",
    "C:\\Windows\\System32\\CRYPT32.dll",
    "C:\\Windows\\System32\\MSASN1.dll",
    "C:\\Windows\\System32\\bcrypt.dll",
    "C:\\Windows\\SYSTEM32\\WINMM.dll",
    "C:\\Windows\\SYSTEM32\\WINMMBASE.dll",
    "C:\\Windows\\System32\\cfgmgr32.dll",
    "C:\\Windows\\System32\\bcryptPrimitives.dll",
    "C:\\Windows\\System32\\IMM32.DLL",
    "C:\\Windows\\System32\\powrprof.dll",
    "C:\\Windows\\System32\\UMPDC.dll",
    "C:\\Windows\\SYSTEM32\\CRYPTBASE.DLL",
    "C:\\Windows\\system32\\uxtheme.dll",
    "C:\\Windows\\System32\\combase.dll",
    "C:\\Windows\\system32\\mswsock.dll",
    "C:\\Windows\\System32\\kernel.appcore.dll",
    "C:\\Windows\\System32\\NSI.dll",
    "C:\\Windows\\SYSTEM32\\dhcpcsvc6.DLL",
    "C:\\Windows\\SYSTEM32\\dhcpcsvc.DLL",
    "C:\\Windows\\SYSTEM32\\DNSAPI.dll",
    "C:\\Windows\\system32\\napinsp.dll",
    "C:\\Windows\\system32\\pnrpnsp.dll",
    "C:\\Windows\\System32\\winrnr.dll",
    "C:\\Windows\\system32\\NLAapi.dll",
    "C:\\Windows\\system32\\wshbth.dll",
    "C:\\Program Files\\Bonjour\\mdnsNSP.dll"
  ]
}